-- messages
INSERT INTO MESSAGES(ID, TITLE, MESSAGE, CONTEXT_TYPE, USERID, TSTAMP) VALUES(
  'a2550198-9bc9-4484-8b4c-18271fdeb2c3',
  'IKB',
  'Nalaziš se pokraj IKB-a. Bježi dok možeš.',
  'text/plain',
  '1', {ts '2016-01-10 20:05:37.961'}
);

INSERT INTO MESSAGES(ID, TITLE, MESSAGE, CONTEXT_TYPE, USERID, TSTAMP) VALUES(
    'f4a12786-abb1-4281-8298-3171a92bb822', 
    'Moela blues', 
    'Natrag u kvart',
    'text/plain',
    '1', {ts '2016-01-10 19:54:30.143'}
);

INSERT INTO MESSAGES(ID, TITLE, MESSAGE, CONTEXT_TYPE, USERID, TSTAMP) VALUES(
  'aca20db0-1ac9-4e7d-9c52-afe638c997dd',
  'Ručak',
  'Murine centar svijeta',
  'text/plain',
  '1', {ts '2016-01-10 20:01:35.615'}
);

INSERT INTO MESSAGES(ID, TITLE, MESSAGE, CONTEXT_TYPE, USERID, TSTAMP) VALUES(
  '6887ed58-c4e8-4abb-868c-106cd6c397e0',
  'Kaufland',
  'U Kaufland po špežu',
  'text/plain',
  '1',  {ts '2016-01-10 21:15:15.208'}
);

INSERT INTO MESSAGES(ID, TITLE, MESSAGE, CONTEXT_TYPE, USERID, TSTAMP) VALUES(
  'c2ee42ba-a98c-4c28-b32e-d8bf1ab0d4d3',
  'Šetalište',
  'Parkiraj i na posao',
  'text/plain',
  '1',  {ts '2016-01-11 14:20:04.809'}
);

-- locations
INSERT INTO LOCATIONS(ID, USERID, YPOS, XPOS, ZPOS, TSTAMP) VALUES(
  '5701d2ab-6ce7-4275-bd90-1dbde5dbf607',
  '1',
  45.433737, 13.523683,
  3.0,
  {ts '2016-01-10 19:37:49.777'}
);

INSERT INTO LOCATIONS(ID, USERID, YPOS, XPOS, ZPOS, TSTAMP) VALUES(
  '4ba9f106-e9b9-44bc-85f8-5fc9e2683e2c',
  '1',
  45.427438, 13.521369,
  3.0,
  {ts '2016-01-10 19:43:29.898'}
);

INSERT INTO LOCATIONS(ID, USERID, YPOS, XPOS, ZPOS, TSTAMP) VALUES(
  '9a48ae7e-3380-491b-aa7f-6c098a9121f7',
  '1',
  45.451753, 13.537705,
  3.0,
  {ts '2016-01-10 19:44:16.754'}
);

INSERT INTO LOCATIONS(ID, USERID, YPOS, XPOS, ZPOS, TSTAMP) VALUES(
  '626f6acd-7648-456e-b253-a6f44484afdc',
  '1',
  45.422487, 13.528559,
  3.0,
  {ts '2016-01-10 19:45:25.063'}
);

INSERT INTO LOCATIONS(ID, USERID, YPOS, XPOS, ZPOS, TSTAMP) VALUES(
  'a5ceb565-2b44-48c5-ba60-303a7683d1de',
  '1',
  45.435308, 13.523468,
  3.0,
  {ts '2016-01-10 19:46:20.904'}
);

-- events
INSERT INTO EVENTS(ID, USERID, LOCATIONID, MESSAGEID, TSTAMP) VALUES(
  'c36dfe9d-1b7d-41d6-b2fe-1e87c6bf373d',
  '1',
  '5701d2ab-6ce7-4275-bd90-1dbde5dbf607',
  'a2550198-9bc9-4484-8b4c-18271fdeb2c3',
  {ts '2016-01-10 20:05:37.960'}
);

INSERT INTO EVENTS(ID, USERID, LOCATIONID, MESSAGEID, TSTAMP) VALUES(
  '68cb3219-33b9-4bc5-a606-4b66e23da710',
  '1',
  '4ba9f106-e9b9-44bc-85f8-5fc9e2683e2c',
  'f4a12786-abb1-4281-8298-3171a92bb822',
  {ts '2016-01-10 21:15:15.207'}
);


INSERT INTO EVENTS(ID, USERID, LOCATIONID, MESSAGEID, TSTAMP) VALUES(
  '0c0e04fa-99a3-4a06-bbc0-e9535c043f70',
  '1',
  '9a48ae7e-3380-491b-aa7f-6c098a9121f7',
  'aca20db0-1ac9-4e7d-9c52-afe638c997dd',
  {ts '2016-01-11 14:20:04.808'}
);

INSERT INTO EVENTS(ID, USERID, LOCATIONID, MESSAGEID, TSTAMP) VALUES(
  '23dcc5a7-7aba-4583-8595-35248760bacc',
  '1',
  '626f6acd-7648-456e-b253-a6f44484afdc',
  '6887ed58-c4e8-4abb-868c-106cd6c397e0',
  {ts '2016-01-11 17:56:27.016'}
);

INSERT INTO EVENTS(ID, USERID, LOCATIONID, MESSAGEID, TSTAMP) VALUES(
  'fcf58b58-6b9c-4ddc-b181-b8eb9c8cb688',
  '1',
  'a5ceb565-2b44-48c5-ba60-303a7683d1de',
  'c2ee42ba-a98c-4c28-b32e-d8bf1ab0d4d3',
  {ts '2016-01-12 10:48:22.188'}
);


